species	genus	family
Acacia dealbata	Acacia	Fabaceae
Acacia longifolia	Acacia	Fabaceae
Acacia mearnsii	Acacia	Fabaceae
Acacia melanoxylon	Acacia	Fabaceae
Acacia pycnantha	Acacia	Fabaceae
Acacia retinodes	Acacia	Fabaceae
Acacia saligna	Acacia	Fabaceae
Acanthus mollis	Acanthus	Acanthaceae
Acer monspessulanum	Acer	Sapindaceae
Acer negundo	Acer	Sapindaceae
Acer pseudoplatanus	Acer	Sapindaceae
Achillea ageratum	Achillea	Asteraceae
Achillea millefolium	Achillea	Asteraceae
Aconitum napellus	Aconitum	Ranunculaceae
Adenocarpus complicatus	Adenocarpus	Fabaceae
Adenocarpus hispanicus	Adenocarpus	Fabaceae
Adenocarpus telonensis	Adenocarpus	Fabaceae
Adiantum capillus-veneris	Adiantum	Pteridaceae
Adonis annua	Adonis	Ranunculaceae
Adonis microcarpa	Adonis	Ranunculaceae
Aegilops geniculata	Aegilops	Poaceae
Aegilops triuncialis	Aegilops	Poaceae
Aeonium arboreum	Aeonium	Crassulaceae
Agapanthus praecox	Agapanthus	Amaryllidaceae
Agave americana	Agave	Asparagaceae
Ageratina adenophora	Ageratina	Asteraceae
Agrimonia eupatoria	Agrimonia	Rosaceae
Agrimonia procera	Agrimonia	Rosaceae
Agrostemma githago	Agrostemma	Caryophyllaceae
Agrostis canina	Agrostis	Poaceae
Agrostis capillaris	Agrostis	Poaceae
Agrostis stolonifera	Agrostis	Poaceae
Aichryson laxum	Aichryson	Crassulaceae
Ailanthus altissima	Ailanthus	Simaroubaceae
Aira caryophyllea	Aira	Poaceae
Aira praecox	Aira	Poaceae
Ajuga chamaepitys	Ajuga	Lamiaceae
Ajuga iva	Ajuga	Lamiaceae
Ajuga pyramidalis	Ajuga	Lamiaceae
Ajuga reptans	Ajuga	Lamiaceae
Alcea rosea	Alcea	Malvaceae
Alisma lanceolatum	Alisma	Alismataceae
Alisma plantago-aquatica	Alisma	Alismataceae
Alkanna tinctoria	Alkanna	Boraginaceae
Alliaria petiolata	Alliaria	Brassicaceae
Allium ampeloprasum	Allium	Amaryllidaceae
Allium chamaemoly	Allium	Amaryllidaceae
Allium guttatum	Allium	Amaryllidaceae
Allium neapolitanum	Allium	Amaryllidaceae
Allium nigrum	Allium	Amaryllidaceae
Allium oleraceum	Allium	Amaryllidaceae
Allium paniculatum	Allium	Amaryllidaceae
Allium roseum	Allium	Amaryllidaceae
Allium schoenoprasum	Allium	Amaryllidaceae
Allium sphaerocephalon	Allium	Amaryllidaceae
Allium subvillosum	Allium	Amaryllidaceae
Allium triquetrum	Allium	Amaryllidaceae
Allium ursinum	Allium	Amaryllidaceae
Allium victorialis	Allium	Amaryllidaceae
Allium vineale	Allium	Amaryllidaceae
Alnus glutinosa	Alnus	Betulaceae
Alopecurus aequalis	Alopecurus	Poaceae
Alopecurus arundinaceus	Alopecurus	Poaceae
Alopecurus geniculatus	Alopecurus	Poaceae
Alopecurus myosuroides	Alopecurus	Poaceae
Althaea hirsuta	Althaea	Malvaceae
Althaea officinalis	Althaea	Malvaceae
Alyssum alyssoides	Alyssum	Brassicaceae
Alyssum minutum	Alyssum	Brassicaceae
Alyssum simplex	Alyssum	Brassicaceae
Amaranthus albus	Amaranthus	Amaranthaceae
Amaranthus blitoides	Amaranthus	Amaranthaceae
Amaranthus blitum	Amaranthus	Amaranthaceae
Amaranthus deflexus	Amaranthus	Amaranthaceae
Amaranthus hybridus	Amaranthus	Amaranthaceae
Amaranthus hypochondriacus	Amaranthus	Amaranthaceae
Amaranthus retroflexus	Amaranthus	Amaranthaceae
Amaranthus viridis	Amaranthus	Amaranthaceae
Ambrosia artemisiifolia	Ambrosia	Asteraceae
Amelanchier ovalis	Amelanchier	Rosaceae
Ammi majus	Ammi	Apiaceae
Ammi visnaga	Ammi	Apiaceae
Ammophila arenaria	Ammophila	Poaceae
Anacamptis pyramidalis	Anacamptis	Orchidaceae
Anacyclus clavatus	Anacyclus	Asteraceae
Anacyclus radiatus	Anacyclus	Asteraceae
Anagyris foetida	Anagyris	Fabaceae
Anarrhinum bellidifolium	Anarrhinum	Plantaginaceae
Anarrhinum duriminium	Anarrhinum	Plantaginaceae
Anarrhinum longipedicellatum	Anarrhinum	Plantaginaceae
Anchusa azurea	Anchusa	Boraginaceae
Anchusa calcarea	Anchusa	Boraginaceae
Anchusa undulata	Anchusa	Boraginaceae
Andryala integrifolia	Andryala	Asteraceae
Andryala ragusina	Andryala	Asteraceae
Anemone coronaria	Anemone	Ranunculaceae
Anemone nemorosa	Anemone	Ranunculaceae
Anemone palmata	Anemone	Ranunculaceae
Anemone trifolia	Anemone	Ranunculaceae
Angelica pachycarpa	Angelica	Apiaceae
Angelica sylvestris	Angelica	Apiaceae
Anogramma leptophylla	Anogramma	Pteridaceae
Anthemis arvensis	Anthemis	Asteraceae
Anthemis cotula	Anthemis	Asteraceae
Anthemis maritima	Anthemis	Asteraceae
Anthericum liliago	Anthericum	Asparagaceae
Anthoxanthum aristatum	Anthoxanthum	Poaceae
Anthoxanthum odoratum	Anthoxanthum	Poaceae
Anthriscus caucalis	Anthriscus	Apiaceae
Anthriscus sylvestris	Anthriscus	Apiaceae
Anthyllis vulneraria	Anthyllis	Fabaceae
Antirrhinum graniticum	Antirrhinum	Plantaginaceae
Antirrhinum linkianum	Antirrhinum	Plantaginaceae
Aphanes arvensis	Aphanes	Rosaceae
Aphanes australis	Aphanes	Rosaceae
Aphyllanthes monspeliensis	Aphyllanthes	Asparagaceae
Apium graveolens	Apium	Apiaceae
Apium nodiflorum	Apium	Apiaceae
Aquilegia vulgaris	Aquilegia	Ranunculaceae
Arabidopsis thaliana	Arabidopsis	Brassicaceae
Arabis planisiliqua	Arabis	Brassicaceae
Arabis verna	Arabis	Brassicaceae
Arbutus unedo	Arbutus	Ericaceae
Arctium minus	Arctium	Asteraceae
Arctotheca calendula	Arctotheca	Asteraceae
Arenaria leptoclados	Arenaria	Caryophyllaceae
Arenaria montana	Arenaria	Caryophyllaceae
Arenaria serpyllifolia	Arenaria	Caryophyllaceae
Argyrolobium zanonii	Argyrolobium	Fabaceae
Arisarum simorrhinum	Arisarum	Araceae
Aristolochia baetica	Aristolochia	Aristolochiaceae
Aristolochia paucinervis	Aristolochia	Aristolochiaceae
Aristolochia pistolochia	Aristolochia	Aristolochiaceae
Armeria arenaria	Armeria	Plumbaginaceae
Armeria maritima	Armeria	Plumbaginaceae
Armeria pungens	Armeria	Plumbaginaceae
Arnica montana	Arnica	Asteraceae
Arnoseris minima	Arnoseris	Asteraceae
Arrhenatherum elatius	Arrhenatherum	Poaceae
Artemisia campestris	Artemisia	Asteraceae
Artemisia verlotiorum	Artemisia	Asteraceae
Artemisia vulgaris	Artemisia	Asteraceae
Arum cylindraceum	Arum	Araceae
Arum italicum	Arum	Araceae
Arundo donax	Arundo	Poaceae
Asparagus acutifolius	Asparagus	Asparagaceae
Asparagus albus	Asparagus	Asparagaceae
Asparagus aphyllus	Asparagus	Asparagaceae
Asperula aristata	Asperula	Rubiaceae
Asperula arvensis	Asperula	Rubiaceae
Asphodelus aestivus	Asphodelus	Asphodelaceae
Asphodelus albus	Asphodelus	Asphodelaceae
Asphodelus fistulosus	Asphodelus	Asphodelaceae
Asphodelus macrocarpus	Asphodelus	Asphodelaceae
Asphodelus ramosus	Asphodelus	Asphodelaceae
Asphodelus serotinus	Asphodelus	Asphodelaceae
Asplenium adiantum-nigrum	Asplenium	Aspleniaceae
Asplenium marinum	Asplenium	Aspleniaceae
Asplenium obovatum	Asplenium	Aspleniaceae
Asplenium onopteris	Asplenium	Aspleniaceae
Asplenium petrarchae	Asplenium	Aspleniaceae
Asplenium ruta-muraria	Asplenium	Aspleniaceae
Asplenium septentrionale	Asplenium	Aspleniaceae
Asplenium trichomanes	Asplenium	Aspleniaceae
Asteriscus aquaticus	Asteriscus	Asteraceae
Astragalus boeticus	Astragalus	Fabaceae
Astragalus echinatus	Astragalus	Fabaceae
Astragalus glycyphyllos	Astragalus	Fabaceae
Astragalus hamosus	Astragalus	Fabaceae
Astragalus incanus	Astragalus	Fabaceae
Astragalus tragacantha	Astragalus	Fabaceae
Athyrium filix-femina	Athyrium	Athyriaceae
Atractylis cancellata	Atractylis	Asteraceae
Atriplex halimus	Atriplex	Amaranthaceae
Atriplex patula	Atriplex	Amaranthaceae
Atriplex prostrata	Atriplex	Amaranthaceae
Avena barbata	Avena	Poaceae
Avena fatua	Avena	Poaceae
Avena sativa	Avena	Poaceae
Avena sterilis	Avena	Poaceae
Avenula pubescens	Avenula	Poaceae
Azolla filiculoides	Azolla	Salviniaceae
Baldellia ranunculoides	Baldellia	Alismataceae
Baldellia repens	Baldellia	Alismataceae
Ballota hirsuta	Ballota	Lamiaceae
Ballota nigra	Ballota	Lamiaceae
Barbarea intermedia	Barbarea	Brassicaceae
Barbarea verna	Barbarea	Brassicaceae
Barbarea vulgaris	Barbarea	Brassicaceae
Bassia scoparia	Bassia	Amaranthaceae
Bellis annua	Bellis	Asteraceae
Bellis perennis	Bellis	Asteraceae
Bellis sylvestris	Bellis	Asteraceae
Berula erecta	Berula	Apiaceae
Beta maritima	Beta	Amaranthaceae
Betula pubescens	Betula	Betulaceae
Bidens aurea	Bidens	Asteraceae
Bidens frondosa	Bidens	Asteraceae
Bidens pilosa	Bidens	Asteraceae
Bidens tripartita	Bidens	Asteraceae
Biscutella auriculata	Biscutella	Brassicaceae
Biscutella valentina	Biscutella	Brassicaceae
Bituminaria bituminosa	Bituminaria	Fabaceae
Blackstonia acuminata	Blackstonia	Gentianaceae
Blackstonia perfoliata	Blackstonia	Gentianaceae
Bolboschoenus glaucus	Bolboschoenus	Cyperaceae
Bolboschoenus maritimus	Bolboschoenus	Cyperaceae
Bombycilaena erecta	Bombycilaena	Asteraceae
Borago officinalis	Borago	Boraginaceae
Brachypodium distachyon	Brachypodium	Poaceae
Brachypodium retusum	Brachypodium	Poaceae
Brachypodium sylvaticum	Brachypodium	Poaceae
Brassica nigra	Brassica	Brassicaceae
Brassica oleracea	Brassica	Brassicaceae
Briza maxima	Briza	Poaceae
Briza media	Briza	Poaceae
Briza minor	Briza	Poaceae
Bromus catharticus	Bromus	Poaceae
Bromus diandrus	Bromus	Poaceae
Bromus hordeaceus	Bromus	Poaceae
Bromus madritensis	Bromus	Poaceae
Bromus racemosus	Bromus	Poaceae
Bromus ramosus	Bromus	Poaceae
Bromus rubens	Bromus	Poaceae
Bromus squarrosus	Bromus	Poaceae
Bromus sterilis	Bromus	Poaceae
Bromus tectorum	Bromus	Poaceae
Bryonia dioica	Bryonia	Cucurbitaceae
Buddleja davidii	Buddleja	Scrophulariaceae
Buglossoides arvensis	Buglossoides	Boraginaceae
Bunias erucago	Bunias	Brassicaceae
Bunium bulbocastanum	Bunium	Apiaceae
Bupleurum fruticosum	Bupleurum	Apiaceae
Bupleurum rigidum	Bupleurum	Apiaceae
Bupleurum tenuissimum	Bupleurum	Apiaceae
Butomus umbellatus	Butomus	Butomaceae
Buxus sempervirens	Buxus	Buxaceae
Cakile maritima	Cakile	Brassicaceae
Calamagrostis arundinacea	Calamagrostis	Poaceae
Calendula arvensis	Calendula	Asteraceae
Calendula suffruticosa	Calendula	Asteraceae
Calepina irregularis	Calepina	Brassicaceae
Calicotome villosa	Calicotome	Fabaceae
Callitriche brutia	Callitriche	Plantaginaceae
Callitriche stagnalis	Callitriche	Plantaginaceae
Calluna vulgaris	Calluna	Ericaceae
Caltha palustris	Caltha	Ranunculaceae
Calystegia sepium	Calystegia	Convolvulaceae
Calystegia silvatica	Calystegia	Convolvulaceae
Calystegia soldanella	Calystegia	Convolvulaceae
Camelina microcarpa	Camelina	Brassicaceae
Campanula erinus	Campanula	Campanulaceae
Campanula lusitanica	Campanula	Campanulaceae
Campanula rapunculus	Campanula	Campanulaceae
Canna indica	Canna	Cannaceae
Capsella bursa-pastoris	Capsella	Brassicaceae
Cardamine flexuosa	Cardamine	Brassicaceae
Cardamine hirsuta	Cardamine	Brassicaceae
Cardamine parviflora	Cardamine	Brassicaceae
Cardamine pratensis	Cardamine	Brassicaceae
Carduncellus caeruleus	Carduncellus	Asteraceae
Carduus platypus	Carduus	Asteraceae
Carduus pycnocephalus	Carduus	Asteraceae
Carduus tenuiflorus	Carduus	Asteraceae
Carex arenaria	Carex	Cyperaceae
Carex caryophyllea	Carex	Cyperaceae
Carex demissa	Carex	Cyperaceae
Carex distans	Carex	Cyperaceae
Carex divisa	Carex	Cyperaceae
Carex divulsa	Carex	Cyperaceae
Carex echinata	Carex	Cyperaceae
Carex elata	Carex	Cyperaceae
Carex extensa	Carex	Cyperaceae
Carex flacca	Carex	Cyperaceae
Carex hirta	Carex	Cyperaceae
Carex hispida	Carex	Cyperaceae
Carex lepidocarpa	Carex	Cyperaceae
Carex leporina	Carex	Cyperaceae
Carex muricata	Carex	Cyperaceae
Carex nigra	Carex	Cyperaceae
Carex panicea	Carex	Cyperaceae
Carex paniculata	Carex	Cyperaceae
Carex pendula	Carex	Cyperaceae
Carex pilulifera	Carex	Cyperaceae
Carex pseudocyperus	Carex	Cyperaceae
Carex punctata	Carex	Cyperaceae
Carex remota	Carex	Cyperaceae
Carex riparia	Carex	Cyperaceae
Carex sylvatica	Carex	Cyperaceae
Carex trinervis	Carex	Cyperaceae
Carex vesicaria	Carex	Cyperaceae
Carlina hispanica	Carlina	Asteraceae
Carlina racemosa	Carlina	Asteraceae
Carlina vulgaris	Carlina	Asteraceae
Carpobrotus edulis	Carpobrotus	Aizoaceae
Carrichtera annua	Carrichtera	Brassicaceae
Carthamus lanatus	Carthamus	Asteraceae
Carum verticillatum	Carum	Apiaceae
Castanea sativa	Castanea	Fagaceae
Catananche caerulea	Catananche	Asteraceae
Catapodium marinum	Catapodium	Poaceae
Catapodium rigidum	Catapodium	Poaceae
Celtis australis	Celtis	Cannabaceae
Centaurea alba	Centaurea	Asteraceae
Centaurea aspera	Centaurea	Asteraceae
Centaurea calcitrapa	Centaurea	Asteraceae
Centaurea collina	Centaurea	Asteraceae
Centaurea cyanus	Centaurea	Asteraceae
Centaurea melitensis	Centaurea	Asteraceae
Centaurea nigra	Centaurea	Asteraceae
Centaurea ornata	Centaurea	Asteraceae
Centaurea paniculata	Centaurea	Asteraceae
Centaurea pullata	Centaurea	Asteraceae
Centaurea sphaerocephala	Centaurea	Asteraceae
Centaurium erythraea	Centaurium	Gentianaceae
Centaurium maritimum	Centaurium	Gentianaceae
Centaurium pulchellum	Centaurium	Gentianaceae
Centranthus calcitrapae	Centranthus	Caprifoliaceae
Centranthus ruber	Centranthus	Caprifoliaceae
Centunculus minimus	Lysimachia	Primulaceae
Cephalanthera longifolia	Cephalanthera	Orchidaceae
Cephalanthera rubra	Cephalanthera	Orchidaceae
Cephalaria leucantha	Cephalaria	Caprifoliaceae
Cerastium brachypetalum	Cerastium	Caryophyllaceae
Cerastium diffusum	Cerastium	Caryophyllaceae
Cerastium fontanum	Cerastium	Caryophyllaceae
Cerastium glomeratum	Cerastium	Caryophyllaceae
Cerastium ramosissimum	Cerastium	Caryophyllaceae
Cerastium semidecandrum	Cerastium	Caryophyllaceae
Ceratocapnos claviculata	Ceratocapnos	Papaveraceae
Ceratonia siliqua	Ceratonia	Fabaceae
Ceratophyllum demersum	Ceratophyllum	Ceratophyllaceae
Cerinthe major	Cerinthe	Boraginaceae
Chaenorhinum minus	Chaenorhinum	Plantaginaceae
Chaenorhinum origanifolium	Chaenorhinum	Plantaginaceae
Chaerophyllum temulum	Chaerophyllum	Apiaceae
Chamaecyparis lawsoniana	Chamaecyparis	Cupressaceae
Chamaemelum fuscatum	Chamaemelum	Asteraceae
Chamaemelum nobile	Chamaemelum	Asteraceae
Chamaerops humilis	Chamaerops	Arecaceae
Cheirolophus sempervirens	Cheirolophus	Asteraceae
Chelidonium majus	Chelidonium	Papaveraceae
Chenopodium album	Chenopodium	Amaranthaceae
Chenopodium opulifolium	Chenopodium	Amaranthaceae
Chenopodium vulvaria	Chenopodium	Amaranthaceae
Chondrilla juncea	Chondrilla	Asteraceae
Chrozophora tinctoria	Chrozophora	Euphorbiaceae
Chrysosplenium oppositifolium	Chrysosplenium	Saxifragaceae
Cicendia filiformis	Cicendia	Gentianaceae
Cichorium intybus	Cichorium	Asteraceae
Circaea lutetiana	Circaea	Onagraceae
Cirsium arvense	Cirsium	Asteraceae
Cirsium filipendulum	Cirsium	Asteraceae
Cirsium palustre	Cirsium	Asteraceae
Cirsium vulgare	Cirsium	Asteraceae
Cistanche phelypaea	Cistanche	Orobanchaceae
Cistus albidus	Cistus	Cistaceae
Cistus crispus	Cistus	Cistaceae
Cistus ladanifer	Cistus	Cistaceae
Cistus laurifolius	Cistus	Cistaceae
Cistus monspeliensis	Cistus	Cistaceae
Cistus populifolius	Cistus	Cistaceae
Cistus salviifolius	Cistus	Cistaceae
Cladium mariscus	Cladium	Cyperaceae
Clematis cirrhosa	Clematis	Ranunculaceae
Clematis flammula	Clematis	Ranunculaceae
Clematis vitalba	Clematis	Ranunculaceae
Cleome violacea	Cleome	Cleomaceae
Cleonia lusitanica	Cleonia	Lamiaceae
Clinopodium vulgare	Clinopodium	Lamiaceae
Cochlearia danica	Cochlearia	Brassicaceae
Coincya monensis	Coincya	Brassicaceae
Colchicum lusitanum	Colchicum	Colchicaceae
Coleostephus myconis	Coleostephus	Asteraceae
Colocasia esculenta	Colocasia	Araceae
Conium maculatum	Conium	Apiaceae
Conopodium majus	Conopodium	Apiaceae
Convolvulus althaeoides	Convolvulus	Convolvulaceae
Convolvulus arvensis	Convolvulus	Convolvulaceae
Convolvulus lineatus	Convolvulus	Convolvulaceae
Convolvulus meonanthus	Convolvulus	Convolvulaceae
Convolvulus siculus	Convolvulus	Convolvulaceae
Convolvulus tricolor	Convolvulus	Convolvulaceae
Corema album	Corema	Ericaceae
Cornus sanguinea	Cornus	Cornaceae
Coronilla juncea	Coronilla	Fabaceae
Coronilla minima	Coronilla	Fabaceae
Coronilla scorpioides	Coronilla	Fabaceae
Corrigiola litoralis	Corrigiola	Caryophyllaceae
Corrigiola telephiifolia	Corrigiola	Caryophyllaceae
Cortaderia selloana	Cortaderia	Poaceae
Corydalis cava	Corydalis	Papaveraceae
Corylus avellana	Corylus	Betulaceae
Corynephorus canescens	Corynephorus	Poaceae
Cosentinia vellea	Cosentinia	Pteridaceae
Cotula australis	Cotula	Asteraceae
Cotula coronopifolia	Cotula	Asteraceae
Crambe hispanica	Crambe	Brassicaceae
Crassula tillaea	Crassula	Crassulaceae
Crataegus monogyna	Crataegus	Rosaceae
Crepis capillaris	Crepis	Asteraceae
Crepis foetida	Crepis	Asteraceae
Crepis pulchra	Crepis	Asteraceae
Crepis vesicaria	Crepis	Asteraceae
Crithmum maritimum	Crithmum	Apiaceae
Crocus carpetanus	Crocus	Iridaceae
Crocus serotinus	Crocus	Iridaceae
Crucianella angustifolia	Crucianella	Rubiaceae
Crucianella maritima	Crucianella	Rubiaceae
Cruciata glabra	Cruciata	Rubiaceae
Cruciata laevipes	Cruciata	Rubiaceae
Cruciata pedemontana	Cruciata	Rubiaceae
Crupina vulgaris	Crupina	Asteraceae
Cryptogramma crispa	Cryptogramma	Pteridaceae
Cryptomeria japonica	Cryptomeria	Cupressaceae
Cuscuta epithymum	Cuscuta	Convolvulaceae
Cymbalaria muralis	Cymbalaria	Plantaginaceae
Cymodocea nodosa	Cymodocea	Cymodoceaceae
Cynanchum acutum	Cynanchum	Apocynaceae
Cynara cardunculus	Cynara	Asteraceae
Cynara humilis	Cynara	Asteraceae
Cynodon dactylon	Cynodon	Poaceae
Cynoglossum clandestinum	Cynoglossum	Boraginaceae
Cynoglossum creticum	Cynoglossum	Boraginaceae
Cynomorium coccineum	Cynomorium	Cynomoriaceae
Cynosurus cristatus	Cynosurus	Poaceae
Cynosurus echinatus	Cynosurus	Poaceae
Cyperus capitatus	Cyperus	Cyperaceae
Cyperus eragrostis	Cyperus	Cyperaceae
Cyperus esculentus	Cyperus	Cyperaceae
Cyperus fuscus	Cyperus	Cyperaceae
Cyperus longus	Cyperus	Cyperaceae
Cyperus michelianus	Cyperus	Cyperaceae
Cyperus rotundus	Cyperus	Cyperaceae
Cystopteris fragilis	Cystopteris	Cystopteridaceae
Cytinus hypocistis	Cytinus	Cytinaceae
Cytinus ruber	Cytinus	Cytinaceae
Cytisus grandiflorus	Cytisus	Fabaceae
Cytisus multiflorus	Cytisus	Fabaceae
Cytisus oromediterraneus	Cytisus	Fabaceae
Cytisus scoparius	Cytisus	Fabaceae
Cytisus striatus	Cytisus	Fabaceae
Daboecia cantabrica	Daboecia	Ericaceae
Dactylis glomerata	Dactylis	Poaceae
Dactylorhiza elata	Dactylorhiza	Orchidaceae
Dactylorhiza insularis	Dactylorhiza	Orchidaceae
Dactylorhiza maculata	Dactylorhiza	Orchidaceae
Danthonia decumbens	Danthonia	Poaceae
Daphne gnidium	Daphne	Thymelaeaceae
Daphne laureola	Daphne	Thymelaeaceae
Datura stramonium	Datura	Solanaceae
Daucus carota	Daucus	Apiaceae
Daucus muricatus	Daucus	Apiaceae
Davallia canariensis	Davallia	Davalliaceae
Delphinium gracile	Delphinium	Ranunculaceae
Delphinium halteratum	Delphinium	Ranunculaceae
Delphinium pentagynum	Delphinium	Ranunculaceae
Deschampsia cespitosa	Deschampsia	Poaceae
Dianthus armeria	Dianthus	Caryophyllaceae
Dianthus broteri	Dianthus	Caryophyllaceae
Dianthus hyssopifolius	Dianthus	Caryophyllaceae
Dianthus lusitanus	Dianthus	Caryophyllaceae
Digitalis purpurea	Digitalis	Plantaginaceae
Digitalis thapsi	Digitalis	Plantaginaceae
Digitaria ischaemum	Digitaria	Poaceae
Digitaria sanguinalis	Digitaria	Poaceae
Dipcadi serotinum	Dipcadi	Asparagaceae
Diplotaxis catholica	Diplotaxis	Brassicaceae
Diplotaxis muralis	Diplotaxis	Brassicaceae
Diplotaxis tenuifolia	Diplotaxis	Brassicaceae
Diplotaxis virgata	Diplotaxis	Brassicaceae
Dipsacus comosus	Dipsacus	Caprifoliaceae
Dipsacus fullonum	Dipsacus	Caprifoliaceae
Disphyma crassifolium	Disphyma	Aizoaceae
Dittrichia graveolens	Dittrichia	Asteraceae
Dittrichia viscosa	Dittrichia	Asteraceae
Doronicum plantagineum	Doronicum	Asteraceae
Dorycnopsis gerardi	Dorycnopsis	Fabaceae
Draba muralis	Draba	Brassicaceae
Drosanthemum floribundum	Drosanthemum	Aizoaceae
Drosera intermedia	Drosera	Droseraceae
Drosera rotundifolia	Drosera	Droseraceae
Drosophyllum lusitanicum	Drosophyllum	Drosophyllaceae
Dryopteris affinis	Dryopteris	Dryopteridaceae
Dryopteris carthusiana	Dryopteris	Dryopteridaceae
Dryopteris dilatata	Dryopteris	Dryopteridaceae
Dryopteris expansa	Dryopteris	Dryopteridaceae
Dryopteris filix-mas	Dryopteris	Dryopteridaceae
Ecballium elaterium	Ecballium	Cucurbitaceae
Echinochloa crus-galli	Echinochloa	Poaceae
Echinops strigosus	Echinops	Asteraceae
Echinospartum ibericum	Echinospartum	Fabaceae
Echium boissieri	Echium	Boraginaceae
Echium creticum	Echium	Boraginaceae
Echium gaditanum	Echium	Boraginaceae
Echium lusitanicum	Echium	Boraginaceae
Echium plantagineum	Echium	Boraginaceae
Echium rosulatum	Echium	Boraginaceae
Echium vulgare	Echium	Boraginaceae
Eclipta prostrata	Eclipta	Asteraceae
Egeria densa	Egeria	Hydrocharitaceae
Eichhornia crassipes	Eichhornia	Pontederiaceae
Elaeagnus angustifolia	Elaeagnus	Elaeagnaceae
Elatine hexandra	Elatine	Elatinaceae
Eleocharis acicularis	Eleocharis	Cyperaceae
Eleocharis multicaulis	Eleocharis	Cyperaceae
Eleocharis palustris	Eleocharis	Cyperaceae
Eleocharis uniglumis	Eleocharis	Cyperaceae
Elymus athericus	Elymus	Poaceae
Elymus caninus	Elymus	Poaceae
Elymus repens	Elymus	Poaceae
Ephedra fragilis	Ephedra	Ephedraceae
Epilobium brachycarpum	Epilobium	Onagraceae
Epilobium hirsutum	Epilobium	Onagraceae
Epilobium lanceolatum	Epilobium	Onagraceae
Epilobium obscurum	Epilobium	Onagraceae
Epilobium palustre	Epilobium	Onagraceae
Epilobium parviflorum	Epilobium	Onagraceae
Epilobium tetragonum	Epilobium	Onagraceae
Epipactis helleborine	Epipactis	Orchidaceae
Epipactis tremolsii	Epipactis	Orchidaceae
Equisetum arvense	Equisetum	Equisetaceae
Equisetum palustre	Equisetum	Equisetaceae
Equisetum ramosissimum	Equisetum	Equisetaceae
Equisetum telmateia	Equisetum	Equisetaceae
Eragrostis minor	Eragrostis	Poaceae
Eragrostis pilosa	Eragrostis	Poaceae
Erica arborea	Erica	Ericaceae
Erica australis	Erica	Ericaceae
Erica ciliaris	Erica	Ericaceae
Erica cinerea	Erica	Ericaceae
Erica erigena	Erica	Ericaceae
Erica lusitanica	Erica	Ericaceae
Erica scoparia	Erica	Ericaceae
Erica tetralix	Erica	Ericaceae
Erica umbellata	Erica	Ericaceae
Erigeron acris	Erigeron	Asteraceae
Erigeron karvinskianus	Erigeron	Asteraceae
Eriophorum angustifolium	Eriophorum	Cyperaceae
Erodium acaule	Erodium	Geraniaceae
Erodium botrys	Erodium	Geraniaceae
Erodium chium	Erodium	Geraniaceae
Erodium cicutarium	Erodium	Geraniaceae
Erodium laciniatum	Erodium	Geraniaceae
Erodium malacoides	Erodium	Geraniaceae
Erodium moschatum	Erodium	Geraniaceae
Erophaca baetica	Erophaca	Fabaceae
Eruca vesicaria	Eruca	Brassicaceae
Erucastrum nasturtiifolium	Erucastrum	Brassicaceae
Eryngium campestre	Eryngium	Apiaceae
Eryngium dilatatum	Eryngium	Apiaceae
Eryngium duriaei	Eryngium	Apiaceae
Eryngium maritimum	Eryngium	Apiaceae
Eryngium pandanifolium	Eryngium	Apiaceae
Erythronium dens-canis	Erythronium	Liliaceae
Eschscholzia californica	Eschscholzia	Papaveraceae
Eucalyptus camaldulensis	Eucalyptus	Myrtaceae
Eucalyptus globulus	Eucalyptus	Myrtaceae
Euonymus europaeus	Euonymus	Celastraceae
Eupatorium cannabinum	Eupatorium	Asteraceae
Euphorbia amygdaloides	Euphorbia	Euphorbiaceae
Euphorbia angulata	Euphorbia	Euphorbiaceae
Euphorbia characias	Euphorbia	Euphorbiaceae
Euphorbia dulcis	Euphorbia	Euphorbiaceae
Euphorbia esula	Euphorbia	Euphorbiaceae
Euphorbia exigua	Euphorbia	Euphorbiaceae
Euphorbia falcata	Euphorbia	Euphorbiaceae
Euphorbia flavicoma	Euphorbia	Euphorbiaceae
Euphorbia helioscopia	Euphorbia	Euphorbiaceae
Euphorbia hirsuta	Euphorbia	Euphorbiaceae
Euphorbia hyberna	Euphorbia	Euphorbiaceae
Euphorbia lathyris	Euphorbia	Euphorbiaceae
Euphorbia nicaeensis	Euphorbia	Euphorbiaceae
Euphorbia paniculata	Euphorbia	Euphorbiaceae
Euphorbia paralias	Euphorbia	Euphorbiaceae
Euphorbia peplus	Euphorbia	Euphorbiaceae
Euphorbia portlandica	Euphorbia	Euphorbiaceae
Euphorbia segetalis	Euphorbia	Euphorbiaceae
Euphorbia serrata	Euphorbia	Euphorbiaceae
Euphorbia terracina	Euphorbia	Euphorbiaceae
Fagonia cretica	Fagonia	Zygophyllaceae
Fagopyrum esculentum	Fagopyrum	Polygonaceae
Fallopia convolvulus	Fallopia	Polygonaceae
Fedia cornucopiae	Fedia	Caprifoliaceae
Ferula communis	Ferula	Apiaceae
Festuca rubra	Festuca	Poaceae
Ficus carica	Ficus	Moraceae
Filago lutescens	Filago	Asteraceae
Filago pyramidata	Filago	Asteraceae
Filipendula ulmaria	Filipendula	Rosaceae
Filipendula vulgaris	Filipendula	Rosaceae
Flueggea tinctoria	Flueggea	Phyllanthaceae
Foeniculum vulgare	Foeniculum	Apiaceae
Fragaria vesca	Fragaria	Rosaceae
Frangula alnus	Frangula	Rhamnaceae
Frankenia laevis	Frankenia	Frankeniaceae
Frankenia pulverulenta	Frankenia	Frankeniaceae
Fraxinus angustifolia	Fraxinus	Oleaceae
Fritillaria lusitanica	Fritillaria	Liliaceae
Fuchsia magellanica	Fuchsia	Onagraceae
Fumana ericifolia	Fumana	Cistaceae
Fumana laevipes	Fumana	Cistaceae
Fumana procumbens	Fumana	Cistaceae
Fumana thymifolia	Fumana	Cistaceae
Fumaria agraria	Fumaria	Papaveraceae
Fumaria bastardii	Fumaria	Papaveraceae
Fumaria capreolata	Fumaria	Papaveraceae
Fumaria densiflora	Fumaria	Papaveraceae
Fumaria muralis	Fumaria	Papaveraceae
Fumaria officinalis	Fumaria	Papaveraceae
Fumaria parviflora	Fumaria	Papaveraceae
Gagea bohemica	Gagea	Liliaceae
Gagea pratensis	Gagea	Liliaceae
Galega officinalis	Galega	Fabaceae
Galeopsis tetrahit	Galeopsis	Lamiaceae
Galinsoga parviflora	Galinsoga	Asteraceae
Galinsoga quadriradiata	Galinsoga	Asteraceae
Galium aparine	Galium	Rubiaceae
Galium glaucum	Galium	Rubiaceae
Galium lucidum	Galium	Rubiaceae
Galium mollugo	Galium	Rubiaceae
Galium murale	Galium	Rubiaceae
Galium palustre	Galium	Rubiaceae
Galium parisiense	Galium	Rubiaceae
Galium rotundifolium	Galium	Rubiaceae
Galium saxatile	Galium	Rubiaceae
Galium tricornutum	Galium	Rubiaceae
Galium verrucosum	Galium	Rubiaceae
Galium verum	Galium	Rubiaceae
Gamochaeta pensylvanica	Gamochaeta	Asteraceae
Gaudinia fragilis	Gaudinia	Poaceae
Gazania rigens	Gazania	Asteraceae
Genista anglica	Genista	Fabaceae
Genista falcata	Genista	Fabaceae
Genista florida	Genista	Fabaceae
Genista hirsuta	Genista	Fabaceae
Genista hystrix	Genista	Fabaceae
Genista polyanthos	Genista	Fabaceae
Genista scorpius	Genista	Fabaceae
Genista tournefortii	Genista	Fabaceae
Genista triacanthos	Genista	Fabaceae
Gennaria diphylla	Gennaria	Orchidaceae
Gentiana lutea	Gentiana	Gentianaceae
Gentiana pneumonanthe	Gentiana	Gentianaceae
Geranium columbinum	Geranium	Geraniaceae
Geranium dissectum	Geranium	Geraniaceae
Geranium lucidum	Geranium	Geraniaceae
Geranium molle	Geranium	Geraniaceae
Geranium purpureum	Geranium	Geraniaceae
Geranium pusillum	Geranium	Geraniaceae
Geranium pyrenaicum	Geranium	Geraniaceae
Geranium robertianum	Geranium	Geraniaceae
Geranium rotundifolium	Geranium	Geraniaceae
Geranium sanguineum	Geranium	Geraniaceae
Geum sylvaticum	Geum	Rosaceae
Geum urbanum	Geum	Rosaceae
Gladiolus illyricus	Gladiolus	Iridaceae
Gladiolus italicus	Gladiolus	Iridaceae
Glaucium corniculatum	Glaucium	Papaveraceae
Glaucium flavum	Glaucium	Papaveraceae
Glechoma hederacea	Glechoma	Lamiaceae
Gleditsia triacanthos	Gleditsia	Fabaceae
Globularia alypum	Globularia	Plantaginaceae
Globularia vulgaris	Globularia	Plantaginaceae
Glyceria declinata	Glyceria	Poaceae
Glyceria fluitans	Glyceria	Poaceae
Glycyrrhiza glabra	Glycyrrhiza	Fabaceae
Gnaphalium uliginosum	Gnaphalium	Asteraceae
Gomphocarpus fruticosus	Gomphocarpus	Apocynaceae
Gomphocarpus physocarpus	Gomphocarpus	Apocynaceae
Gratiola officinalis	Gratiola	Plantaginaceae
Groenlandia densa	Groenlandia	Potamogetonaceae
Gymnadenia conopsea	Gymnadenia	Orchidaceae
Hakea salicifolia	Hakea	Proteaceae
Halimium calycinum	Halimium	Cistaceae
Halimium halimifolium	Halimium	Cistaceae
Halimium lasianthum	Halimium	Cistaceae
Halimium ocymoides	Halimium	Cistaceae
Halimium umbellatum	Halimium	Cistaceae
Haplophyllum linifolium	Haplophyllum	Rutaceae
Hedera hibernica	Hedera	Araliaceae
Helianthemum aegyptiacum	Helianthemum	Cistaceae
Helianthemum apenninum	Helianthemum	Cistaceae
Helianthemum cinereum	Helianthemum	Cistaceae
Helianthemum hirtum	Helianthemum	Cistaceae
Helianthemum ledifolium	Helianthemum	Cistaceae
Helianthemum marifolium	Helianthemum	Cistaceae
Helianthemum nummularium	Helianthemum	Cistaceae
Helianthemum salicifolium	Helianthemum	Cistaceae
Helianthus annuus	Helianthus	Asteraceae
Helichrysum foetidum	Helichrysum	Asteraceae
Helichrysum italicum	Helichrysum	Asteraceae
Helichrysum stoechas	Helichrysum	Asteraceae
Heliotropium curassavicum	Heliotropium	Heliotropiaceae
Heliotropium europaeum	Heliotropium	Heliotropiaceae
Helleborus foetidus	Helleborus	Ranunculaceae
Heracleum sphondylium	Heracleum	Apiaceae
Herniaria cinerea	Herniaria	Caryophyllaceae
Herniaria glabra	Herniaria	Caryophyllaceae
Hesperis laciniata	Hesperis	Brassicaceae
Hieracium amplexicaule	Hieracium	Asteraceae
Hieracium lachenalii	Hieracium	Asteraceae
Hieracium laevigatum	Hieracium	Asteraceae
Hieracium murorum	Hieracium	Asteraceae
Hieracium sabaudum	Hieracium	Asteraceae
Hieracium umbellatum	Hieracium	Asteraceae
Hippocrepis biflora	Hippocrepis	Fabaceae
Hippocrepis ciliata	Hippocrepis	Fabaceae
Hirschfeldia incana	Hirschfeldia	Brassicaceae
Hispidella hispanica	Hispidella	Asteraceae
Holcus lanatus	Holcus	Poaceae
Holcus mollis	Holcus	Poaceae
Holosteum umbellatum	Holosteum	Caryophyllaceae
Honckenya peploides	Honckenya	Caryophyllaceae
Hordeum geniculatum	Hordeum	Poaceae
Hordeum marinum	Hordeum	Poaceae
Hordeum murinum	Hordeum	Poaceae
Hordeum secalinum	Hordeum	Poaceae
Hornungia petraea	Hornungia	Brassicaceae
Humulus lupulus	Humulus	Cannabaceae
Hyacinthoides hispanica	Hyacinthoides	Asparagaceae
Hyacinthoides non-scripta	Hyacinthoides	Asparagaceae
Hydrangea macrophylla	Hydrangea	Hydrangeaceae
Hydrocotyle bonariensis	Hydrocotyle	Apiaceae
Hydrocotyle vulgaris	Hydrocotyle	Apiaceae
Hyoscyamus albus	Hyoscyamus	Solanaceae
Hyoscyamus niger	Hyoscyamus	Solanaceae
Hyparrhenia hirta	Hyparrhenia	Poaceae
Hypecoum imberbe	Hypecoum	Papaveraceae
Hypericum androsaemum	Hypericum	Hypericaceae
Hypericum calycinum	Hypericum	Hypericaceae
Hypericum elodes	Hypericum	Hypericaceae
Hypericum humifusum	Hypericum	Hypericaceae
Hypericum linariifolium	Hypericum	Hypericaceae
Hypericum montanum	Hypericum	Hypericaceae
Hypericum perfoliatum	Hypericum	Hypericaceae
Hypericum perforatum	Hypericum	Hypericaceae
Hypericum pulchrum	Hypericum	Hypericaceae
Hypericum tomentosum	Hypericum	Hypericaceae
Hypochaeris glabra	Hypochaeris	Asteraceae
Hypochaeris radicata	Hypochaeris	Asteraceae
Iberis ciliata	Iberis	Brassicaceae
Iberis procumbens	Iberis	Brassicaceae
Ilex aquifolium	Ilex	Aquifoliaceae
Illecebrum verticillatum	Illecebrum	Caryophyllaceae
Inula montana	Inula	Asteraceae
Inula salicina	Inula	Asteraceae
Ipomoea indica	Ipomoea	Convolvulaceae
Ipomoea purpurea	Ipomoea	Convolvulaceae
Iris albicans	Iris	Iridaceae
Iris foetidissima	Iris	Iridaceae
Iris germanica	Iris	Iridaceae
Iris planifolia	Iris	Iridaceae
Iris pseudacorus	Iris	Iridaceae
Iris xiphium	Iris	Iridaceae
Isatis tinctoria	Isatis	Brassicaceae
Isolepis fluitans	Isolepis	Cyperaceae
Isolepis setacea	Isolepis	Cyperaceae
Jasione crispa	Jasione	Campanulaceae
Jasione laevis	Jasione	Campanulaceae
Jasione maritima	Jasione	Campanulaceae
Jasione montana	Jasione	Campanulaceae
Jasonia tuberosa	Jasonia	Asteraceae
Juglans regia	Juglans	Juglandaceae
Juncus acutiflorus	Juncus	Juncaceae
Juncus acutus	Juncus	Juncaceae
Juncus articulatus	Juncus	Juncaceae
Juncus bufonius	Juncus	Juncaceae
Juncus bulbosus	Juncus	Juncaceae
Juncus capitatus	Juncus	Juncaceae
Juncus conglomeratus	Juncus	Juncaceae
Juncus effusus	Juncus	Juncaceae
Juncus hybridus	Juncus	Juncaceae
Juncus inflexus	Juncus	Juncaceae
Juncus maritimus	Juncus	Juncaceae
Juncus pygmaeus	Juncus	Juncaceae
Juncus ranarius	Juncus	Juncaceae
Juncus squarrosus	Juncus	Juncaceae
Juncus subnodulosus	Juncus	Juncaceae
Juncus tenageia	Juncus	Juncaceae
Juncus tenuis	Juncus	Juncaceae
Juniperus communis	Juniperus	Cupressaceae
Juniperus oxycedrus	Juniperus	Cupressaceae
Jurinea humilis	Jurinea	Asteraceae
Kalanchoe daigremontiana	Kalanchoe	Crassulaceae
Kickxia elatine	Kickxia	Plantaginaceae
Kickxia lanigera	Kickxia	Plantaginaceae
Kickxia spuria	Kickxia	Plantaginaceae
Klasea flavescens	Klasea	Asteraceae
Knautia nevadensis	Knautia	Caprifoliaceae
Koeleria vallesiana	Koeleria	Poaceae
Kundmannia sicula	Kundmannia	Apiaceae
Lactuca saligna	Lactuca	Asteraceae
Lactuca serriola	Lactuca	Asteraceae
Lactuca viminea	Lactuca	Asteraceae
Lactuca virosa	Lactuca	Asteraceae
Lagoecia cuminoides	Lagoecia	Apiaceae
Lagurus ovatus	Lagurus	Poaceae
Lamarckia aurea	Lamarckia	Poaceae
Lamium amplexicaule	Lamium	Lamiaceae
Lamium bifidum	Lamium	Lamiaceae
Lamium maculatum	Lamium	Lamiaceae
Lamium purpureum	Lamium	Lamiaceae
Lantana camara	Lantana	Verbenaceae
Lapsana communis	Lapsana	Asteraceae
Lathyrus angulatus	Lathyrus	Fabaceae
Lathyrus annuus	Lathyrus	Fabaceae
Lathyrus aphaca	Lathyrus	Fabaceae
Lathyrus cicera	Lathyrus	Fabaceae
Lathyrus clymenum	Lathyrus	Fabaceae
Lathyrus hirsutus	Lathyrus	Fabaceae
Lathyrus latifolius	Lathyrus	Fabaceae
Lathyrus linifolius	Lathyrus	Fabaceae
Lathyrus niger	Lathyrus	Fabaceae
Lathyrus nissolia	Lathyrus	Fabaceae
Lathyrus ochrus	Lathyrus	Fabaceae
Lathyrus odoratus	Lathyrus	Fabaceae
Lathyrus pratensis	Lathyrus	Fabaceae
Lathyrus setifolius	Lathyrus	Fabaceae
Lathyrus sphaericus	Lathyrus	Fabaceae
Lathyrus sylvestris	Lathyrus	Fabaceae
Lathyrus tingitanus	Lathyrus	Fabaceae
Laurus nobilis	Laurus	Lauraceae
Lavandula latifolia	Lavandula	Lamiaceae
Lavandula multifida	Lavandula	Lamiaceae
Lavandula pedunculata	Lavandula	Lamiaceae
Lavandula stoechas	Lavandula	Lamiaceae
Lavandula viridis	Lavandula	Lamiaceae
Leersia oryzoides	Leersia	Poaceae
Legousia hybrida	Legousia	Campanulaceae
Lemna gibba	Lemna	Araceae
Lemna minor	Lemna	Araceae
Lemna minuta	Lemna	Araceae
Leontodon hispidus	Leontodon	Asteraceae
Leontodon tuberosus	Leontodon	Asteraceae
Lepidium graminifolium	Lepidium	Brassicaceae
Lepidium heterophyllum	Lepidium	Brassicaceae
Lepidium latifolium	Lepidium	Brassicaceae
Lepidium ruderale	Lepidium	Brassicaceae
Lepidium sativum	Lepidium	Brassicaceae
Lepidium virginicum	Lepidium	Brassicaceae
Lepidophorum repandum	Lepidophorum	Asteraceae
Leucanthemum ircutianum	Leucanthemum	Asteraceae
Leucanthemum vulgare	Leucanthemum	Asteraceae
Ligustrum lucidum	Ligustrum	Oleaceae
Ligustrum vulgare	Ligustrum	Oleaceae
Lilium martagon	Lilium	Liliaceae
Limodorum abortivum	Limodorum	Orchidaceae
Limodorum trabutianum	Limodorum	Orchidaceae
Limoniastrum monopetalum	Limoniastrum	Plumbaginaceae
Limonium echioides	Limonium	Plumbaginaceae
Limonium sinuatum	Limonium	Plumbaginaceae
Limonium virgatum	Limonium	Plumbaginaceae
Limonium vulgare	Limonium	Plumbaginaceae
Linaria aeruginea	Linaria	Plantaginaceae
Linaria amethystea	Linaria	Plantaginaceae
Linaria elegans	Linaria	Plantaginaceae
Linaria hirta	Linaria	Plantaginaceae
Linaria incarnata	Linaria	Plantaginaceae
Linaria micrantha	Linaria	Plantaginaceae
Linaria polygalifolia	Linaria	Plantaginaceae
Linaria ricardoi	Linaria	Plantaginaceae
Linaria saxatilis	Linaria	Plantaginaceae
Linaria spartea	Linaria	Plantaginaceae
Linaria supina	Linaria	Plantaginaceae
Linaria triornithophora	Linaria	Plantaginaceae
Lindernia dubia	Lindernia	Linderniaceae
Linum austriacum	Linum	Linaceae
Linum bienne	Linum	Linaceae
Linum catharticum	Linum	Linaceae
Linum narbonense	Linum	Linaceae
Linum strictum	Linum	Linaceae
Linum trigynum	Linum	Linaceae
Littorella uniflora	Littorella	Plantaginaceae
Lobelia erinus	Lobelia	Campanulaceae
Lobelia urens	Lobelia	Campanulaceae
Lobularia maritima	Lobularia	Brassicaceae
Logfia gallica	Logfia	Asteraceae
Logfia minima	Logfia	Asteraceae
Lolium multiflorum	Lolium	Poaceae
Lolium perenne	Lolium	Poaceae
Lomelosia simplex	Lomelosia	Caprifoliaceae
Lomelosia stellata	Lomelosia	Caprifoliaceae
Lonicera etrusca	Lonicera	Caprifoliaceae
Lonicera implexa	Lonicera	Caprifoliaceae
Lonicera periclymenum	Lonicera	Caprifoliaceae
Lotus corniculatus	Lotus	Fabaceae
Lotus creticus	Lotus	Fabaceae
Lotus edulis	Lotus	Fabaceae
Lotus ornithopodioides	Lotus	Fabaceae
Lotus pedunculatus	Lotus	Fabaceae
Ludwigia palustris	Ludwigia	Onagraceae
Lunaria annua	Lunaria	Brassicaceae
Lupinus angustifolius	Lupinus	Fabaceae
Lupinus cosentinii	Lupinus	Fabaceae
Lupinus gredensis	Lupinus	Fabaceae
Lupinus hispanicus	Lupinus	Fabaceae
Lupinus luteus	Lupinus	Fabaceae
Luzula campestris	Luzula	Juncaceae
Luzula forsteri	Luzula	Juncaceae
Luzula multiflora	Luzula	Juncaceae
Luzula sylvatica	Luzula	Juncaceae
Lycium europaeum	Lycium	Solanaceae
Lycopodiella inundata	Lycopodiella	Lycopodiaceae
Lycopodium clavatum	Lycopodium	Lycopodiaceae
Lycopus europaeus	Lycopus	Lamiaceae
Lysimachia ephemerum	Lysimachia	Primulaceae
Lysimachia nemorum	Lysimachia	Primulaceae
Lysimachia vulgaris	Lysimachia	Primulaceae
Lythrum hyssopifolia	Lythrum	Lythraceae
Lythrum junceum	Lythrum	Lythraceae
Lythrum portula	Lythrum	Lythraceae
Lythrum salicaria	Lythrum	Lythraceae
Malcolmia littorea	Malcolmia	Brassicaceae
Malus sylvestris	Malus	Rosaceae
Malva hispanica	Malva	Malvaceae
Malva neglecta	Malva	Malvaceae
Malva nicaeensis	Malva	Malvaceae
Malva parviflora	Malva	Malvaceae
Malva sylvestris	Malva	Malvaceae
Malva tournefortiana	Malva	Malvaceae
Mantisalca salmantica	Mantisalca	Asteraceae
Marrubium vulgare	Marrubium	Lamiaceae
Marsilea quadrifolia	Marsilea	Marsileaceae
Matthiola fruticulosa	Matthiola	Brassicaceae
Matthiola incana	Matthiola	Brassicaceae
Matthiola sinuata	Matthiola	Brassicaceae
Medicago arabica	Medicago	Fabaceae
Medicago arborea	Medicago	Fabaceae
Medicago falcata	Medicago	Fabaceae
Medicago littoralis	Medicago	Fabaceae
Medicago lupulina	Medicago	Fabaceae
Medicago marina	Medicago	Fabaceae
Medicago minima	Medicago	Fabaceae
Medicago orbicularis	Medicago	Fabaceae
Medicago polymorpha	Medicago	Fabaceae
Medicago rigidula	Medicago	Fabaceae
Medicago sativa	Medicago	Fabaceae
Medicago truncatula	Medicago	Fabaceae
Melampyrum pratense	Melampyrum	Orobanchaceae
Melica ciliata	Melica	Poaceae
Melica minuta	Melica	Poaceae
Melica uniflora	Melica	Poaceae
Melilotus albus	Melilotus	Fabaceae
Melilotus indicus	Melilotus	Fabaceae
Melilotus officinalis	Melilotus	Fabaceae
Melilotus segetalis	Melilotus	Fabaceae
Melissa officinalis	Melissa	Lamiaceae
Melittis melissophyllum	Melittis	Lamiaceae
Mentha aquatica	Mentha	Lamiaceae
Mentha cervina	Mentha	Lamiaceae
Mentha pulegium	Mentha	Lamiaceae
Mentha spicata	Mentha	Lamiaceae
Mentha suaveolens	Mentha	Lamiaceae
Menyanthes trifoliata	Menyanthes	Menyanthaceae
Mercurialis perennis	Mercurialis	Euphorbiaceae
Mercurialis tomentosa	Mercurialis	Euphorbiaceae
Mesembryanthemum crystallinum	Mesembryanthemum	Aizoaceae
Mesembryanthemum nodiflorum	Mesembryanthemum	Aizoaceae
Mibora minima	Mibora	Poaceae
Micromeria graeca	Micromeria	Lamiaceae
Milium vernale	Milium	Poaceae
Minuartia recurva	Minuartia	Caryophyllaceae
Mirabilis jalapa	Mirabilis	Nyctaginaceae
Misopates calycinum	Misopates	Plantaginaceae
Misopates orontium	Misopates	Plantaginaceae
Moehringia trinervia	Moehringia	Caryophyllaceae
Moenchia erecta	Moenchia	Caryophyllaceae
Molinia caerulea	Molinia	Poaceae
Montia fontana	Montia	Montiaceae
Moricandia arvensis	Moricandia	Brassicaceae
Muscari comosum	Muscari	Asparagaceae
Muscari neglectum	Muscari	Asparagaceae
Myosotis arvensis	Myosotis	Boraginaceae
Myosotis discolor	Myosotis	Boraginaceae
Myosotis laxa	Myosotis	Boraginaceae
Myosotis persoonii	Myosotis	Boraginaceae
Myosotis ramosissima	Myosotis	Boraginaceae
Myrica gale	Myrica	Myricaceae
Myriophyllum alterniflorum	Myriophyllum	Haloragaceae
Myriophyllum aquaticum	Myriophyllum	Haloragaceae
Myriophyllum spicatum	Myriophyllum	Haloragaceae
Myriophyllum verticillatum	Myriophyllum	Haloragaceae
Myrtus communis	Myrtus	Myrtaceae
Najas marina	Najas	Hydrocharitaceae
Najas minor	Najas	Hydrocharitaceae
Narcissus bulbocodium	Narcissus	Amaryllidaceae
Narcissus cyclamineus	Narcissus	Amaryllidaceae
Narcissus jonquilla	Narcissus	Amaryllidaceae
Narcissus papyraceus	Narcissus	Amaryllidaceae
Narcissus pseudonarcissus	Narcissus	Amaryllidaceae
Narcissus rupicola	Narcissus	Amaryllidaceae
Narcissus serotinus	Narcissus	Amaryllidaceae
Narcissus tazetta	Narcissus	Amaryllidaceae
Narcissus triandrus	Narcissus	Amaryllidaceae
Nardus stricta	Nardus	Poaceae
Narthecium ossifragum	Narthecium	Nartheciaceae
Neatostema apulum	Neatostema	Boraginaceae
Neotinea maculata	Neotinea	Orchidaceae
Neottia nidus-avis	Neottia	Orchidaceae
Nepeta tuberosa	Nepeta	Lamiaceae
Nerium oleander	Nerium	Apocynaceae
Nicotiana glauca	Nicotiana	Solanaceae
Nigella damascena	Nigella	Ranunculaceae
Nonea vesicaria	Nonea	Boraginaceae
Nothoscordum gracile	Nothoscordum	Amaryllidaceae
Notobasis syriaca	Notobasis	Asteraceae
Nymphaea alba	Nymphaea	Nymphaeaceae
Nymphoides peltata	Nymphoides	Menyanthaceae
Odontites vernus	Odontites	Orobanchaceae
Odontites viscosus	Odontites	Orobanchaceae
Oenanthe crocata	Oenanthe	Apiaceae
Oenanthe fistulosa	Oenanthe	Apiaceae
Oenanthe globulosa	Oenanthe	Apiaceae
Oenanthe lachenalii	Oenanthe	Apiaceae
Oenanthe pimpinelloides	Oenanthe	Apiaceae
Oenothera biennis	Oenothera	Onagraceae
Oenothera glazioviana	Oenothera	Onagraceae
Oenothera rosea	Oenothera	Onagraceae
Oenothera stricta	Oenothera	Onagraceae
Olea europaea	Olea	Oleaceae
Omphalodes nitida	Omphalodes	Boraginaceae
Onobrychis humilis	Onobrychis	Fabaceae
Onobrychis viciifolia	Onobrychis	Fabaceae
Ononis mitissima	Ononis	Fabaceae
Ononis natrix	Ononis	Fabaceae
Ononis pubescens	Ononis	Fabaceae
Ononis pusilla	Ononis	Fabaceae
Ononis ramosissima	Ononis	Fabaceae
Ononis reclinata	Ononis	Fabaceae
Ononis spinosa	Ononis	Fabaceae
Ononis variegata	Ononis	Fabaceae
Ononis viscosa	Ononis	Fabaceae
Onopordum acanthium	Onopordum	Asteraceae
Onopordum illyricum	Onopordum	Asteraceae
Onopordum nervosum	Onopordum	Asteraceae
Onosma tricerosperma	Onosma	Boraginaceae
Ophioglossum lusitanicum	Ophioglossum	Ophioglossaceae
Ophioglossum vulgatum	Ophioglossum	Ophioglossaceae
Ophrys apifera	Ophrys	Orchidaceae
Ophrys bombyliflora	Ophrys	Orchidaceae
Ophrys fusca	Ophrys	Orchidaceae
Ophrys lutea	Ophrys	Orchidaceae
Ophrys scolopax	Ophrys	Orchidaceae
Ophrys speculum	Ophrys	Orchidaceae
Ophrys sphegodes	Ophrys	Orchidaceae
Ophrys tenthredinifera	Ophrys	Orchidaceae
Orchis italica	Orchis	Orchidaceae
Orchis mascula	Orchis	Orchidaceae
Orchis morio	Orchis	Orchidaceae
Orchis provincialis	Orchis	Orchidaceae
Origanum vulgare	Origanum	Lamiaceae
Orlaya daucoides	Orlaya	Apiaceae
Ornithogalum arabicum	Ornithogalum	Asparagaceae
Ornithogalum broteroi	Ornithogalum	Asparagaceae
Ornithogalum concinnum	Ornithogalum	Asparagaceae
Ornithogalum narbonense	Ornithogalum	Asparagaceae
Ornithogalum orthophyllum	Ornithogalum	Asparagaceae
Ornithogalum pyrenaicum	Ornithogalum	Asparagaceae
Ornithopus compressus	Ornithopus	Fabaceae
Ornithopus perpusillus	Ornithopus	Fabaceae
Ornithopus sativus	Ornithopus	Fabaceae
Orobanche crenata	Orobanche	Orobanchaceae
Orobanche foetida	Orobanche	Orobanchaceae
Orobanche gracilis	Orobanche	Orobanchaceae
Orobanche hederae	Orobanche	Orobanchaceae
Orobanche latisquama	Orobanche	Orobanchaceae
Orobanche minor	Orobanche	Orobanchaceae
Orobanche rapum-genistae	Orobanche	Orobanchaceae
Osmunda regalis	Osmunda	Osmundaceae
Osyris alba	Osyris	Santalaceae
Osyris lanceolata	Osyris	Santalaceae
Otanthus maritimus	Otanthus	Asteraceae
Oxalis acetosella	Oxalis	Oxalidaceae
Oxalis articulata	Oxalis	Oxalidaceae
Oxalis corniculata	Oxalis	Oxalidaceae
Oxalis debilis	Oxalis	Oxalidaceae
Oxalis exilis	Oxalis	Oxalidaceae
Oxalis latifolia	Oxalis	Oxalidaceae
Oxalis pes-caprae	Oxalis	Oxalidaceae
Oxalis purpurea	Oxalis	Oxalidaceae
Paeonia broteri	Paeonia	Paeoniaceae
Paeonia officinalis	Paeonia	Paeoniaceae
Pallenis spinosa	Pallenis	Asteraceae
Pancratium maritimum	Pancratium	Amaryllidaceae
Papaver argemone	Papaver	Papaveraceae
Papaver dubium	Papaver	Papaveraceae
Papaver hybridum	Papaver	Papaveraceae
Papaver pinnatifidum	Papaver	Papaveraceae
Papaver rhoeas	Papaver	Papaveraceae
Papaver somniferum	Papaver	Papaveraceae
Parapholis incurva	Parapholis	Poaceae
Parapholis strigosa	Parapholis	Poaceae
Paraserianthes lophantha	Paraserianthes	Fabaceae
Parentucellia latifolia	Parentucellia	Orobanchaceae
Parentucellia viscosa	Parentucellia	Orobanchaceae
Parietaria judaica	Parietaria	Urticaceae
Paronychia argentea	Paronychia	Caryophyllaceae
Paronychia capitata	Paronychia	Caryophyllaceae
Paspalum dilatatum	Paspalum	Poaceae
Paspalum distichum	Paspalum	Poaceae
Passiflora caerulea	Passiflora	Passifloraceae
Pastinaca sativa	Pastinaca	Apiaceae
Pedicularis sylvatica	Pedicularis	Orobanchaceae
Pentaglottis sempervirens	Pentaglottis	Boraginaceae
Petrorhagia dubia	Petrorhagia	Caryophyllaceae
Petrorhagia nanteuilii	Petrorhagia	Caryophyllaceae
Petrorhagia saxifraga	Petrorhagia	Caryophyllaceae
Peucedanum officinale	Peucedanum	Apiaceae
Peucedanum oreoselinum	Peucedanum	Apiaceae
Phagnalon rupestre	Phagnalon	Asteraceae
Phagnalon saxatile	Phagnalon	Asteraceae
Phalaris arundinacea	Phalaris	Poaceae
Phillyrea angustifolia	Phillyrea	Oleaceae
Phillyrea latifolia	Phillyrea	Oleaceae
Phleum arenarium	Phleum	Poaceae
Phleum phleoides	Phleum	Poaceae
Phleum pratense	Phleum	Poaceae
Phlomis herba-venti	Phlomis	Lamiaceae
Phlomis lychnitis	Phlomis	Lamiaceae
Phlomis purpurea	Phlomis	Lamiaceae
Phoenix canariensis	Phoenix	Arecaceae
Phragmites australis	Phragmites	Poaceae
Physospermum cornubiense	Physospermum	Apiaceae
Phytolacca americana	Phytolacca	Phytolaccaceae
Phytolacca heterotepala	Phytolacca	Phytolaccaceae
Picnomon acarna	Picnomon	Asteraceae
Picris hieracioides	Picris	Asteraceae
Pilosella officinarum	Pilosella	Asteraceae
Pilularia globulifera	Pilularia	Marsileaceae
Pimpinella major	Pimpinella	Apiaceae
Pimpinella villosa	Pimpinella	Apiaceae
Pinguicula lusitanica	Pinguicula	Lentibulariaceae
Pinguicula vulgaris	Pinguicula	Lentibulariaceae
Pinus halepensis	Pinus	Pinaceae
Pinus pinaster	Pinus	Pinaceae
Pinus pinea	Pinus	Pinaceae
Pinus sylvestris	Pinus	Pinaceae
Piptatherum miliaceum	Piptatherum	Poaceae
Pistacia lentiscus	Pistacia	Anacardiaceae
Pistacia terebinthus	Pistacia	Anacardiaceae
Pistorinia hispanica	Pistorinia	Crassulaceae
Pittosporum tobira	Pittosporum	Pittosporaceae
Pittosporum undulatum	Pittosporum	Pittosporaceae
Plantago afra	Plantago	Plantaginaceae
Plantago albicans	Plantago	Plantaginaceae
Plantago alpina	Plantago	Plantaginaceae
Plantago bellardii	Plantago	Plantaginaceae
Plantago coronopus	Plantago	Plantaginaceae
Plantago lagopus	Plantago	Plantaginaceae
Plantago lanceolata	Plantago	Plantaginaceae
Plantago major	Plantago	Plantaginaceae
Plantago maritima	Plantago	Plantaginaceae
Plantago serraria	Plantago	Plantaginaceae
Platanthera bifolia	Platanthera	Orchidaceae
Platanus hispanica	Platanus	Platanaceae
Platycapnos spicata	Platycapnos	Papaveraceae
Plumbago europaea	Plumbago	Plumbaginaceae
Poa angustifolia	Poa	Poaceae
Poa annua	Poa	Poaceae
Poa bulbosa	Poa	Poaceae
Poa infirma	Poa	Poaceae
Poa nemoralis	Poa	Poaceae
Poa pratensis	Poa	Poaceae
Poa supina	Poa	Poaceae
Poa trivialis	Poa	Poaceae
Polycarpon tetraphyllum	Polycarpon	Caryophyllaceae
Polygala microphylla	Polygala	Polygalaceae
Polygala monspeliaca	Polygala	Polygalaceae
Polygala serpyllifolia	Polygala	Polygalaceae
Polygala vulgaris	Polygala	Polygalaceae
Polygonatum odoratum	Polygonatum	Asparagaceae
Polygonum arenastrum	Polygonum	Polygonaceae
Polygonum aviculare	Polygonum	Polygonaceae
Polygonum equisetiforme	Polygonum	Polygonaceae
Polygonum maritimum	Polygonum	Polygonaceae
Polypodium cambricum	Polypodium	Polypodiaceae
Polypodium interjectum	Polypodium	Polypodiaceae
Polypodium vulgare	Polypodium	Polypodiaceae
Polypogon monspeliensis	Polypogon	Poaceae
Polypogon viridis	Polypogon	Poaceae
Polystichum setiferum	Polystichum	Dryopteridaceae
Populus alba	Populus	Salicaceae
Populus nigra	Populus	Salicaceae
Populus tremula	Populus	Salicaceae
Portulaca oleracea	Portulaca	Portulacaceae
Potamogeton coloratus	Potamogeton	Potamogetonaceae
Potamogeton crispus	Potamogeton	Potamogetonaceae
Potamogeton gramineus	Potamogeton	Potamogetonaceae
Potamogeton lucens	Potamogeton	Potamogetonaceae
Potamogeton natans	Potamogeton	Potamogetonaceae
Potamogeton nodosus	Potamogeton	Potamogetonaceae
Potamogeton perfoliatus	Potamogeton	Potamogetonaceae
Potamogeton polygonifolius	Potamogeton	Potamogetonaceae
Potamogeton pusillus	Potamogeton	Potamogetonaceae
Potamogeton trichoides	Potamogeton	Potamogetonaceae
Potentilla erecta	Potentilla	Rosaceae
Potentilla montana	Potentilla	Rosaceae
Potentilla reptans	Potentilla	Rosaceae
Potentilla rupestris	Potentilla	Rosaceae
Potentilla sterilis	Potentilla	Rosaceae
Prangos trifida	Prangos	Apiaceae
Prasium majus	Prasium	Lamiaceae
Primula acaulis	Primula	Primulaceae
Prunella grandiflora	Prunella	Lamiaceae
Prunella laciniata	Prunella	Lamiaceae
Prunella vulgaris	Prunella	Lamiaceae
Prunus avium	Prunus	Rosaceae
Prunus dulcis	Prunus	Rosaceae
Prunus lusitanica	Prunus	Rosaceae
Prunus mahaleb	Prunus	Rosaceae
Prunus padus	Prunus	Rosaceae
Prunus spinosa	Prunus	Rosaceae
Pteridium aquilinum	Pteridium	Dennstaedtiaceae
Pteris vittata	Pteris	Pteridaceae
Pterocephalidium diandrum	Pterocephalidium	Caprifoliaceae
Pulicaria dysenterica	Pulicaria	Asteraceae
Pulicaria odora	Pulicaria	Asteraceae
Pulicaria paludosa	Pulicaria	Asteraceae
Pulicaria vulgaris	Pulicaria	Asteraceae
Pulmonaria longifolia	Pulmonaria	Boraginaceae
Pycnocomon intermedium	Pycnocomon	Caprifoliaceae
Pycnocomon rutifolium	Pycnocomon	Caprifoliaceae
Pyrus bourgaeana	Pyrus	Rosaceae
Pyrus cordata	Pyrus	Rosaceae
Quercus canariensis	Quercus	Fagaceae
Quercus coccifera	Quercus	Fagaceae
Quercus faginea	Quercus	Fagaceae
Quercus lusitanica	Quercus	Fagaceae
Quercus pubescens	Quercus	Fagaceae
Quercus pyrenaica	Quercus	Fagaceae
Quercus robur	Quercus	Fagaceae
Quercus rotundifolia	Quercus	Fagaceae
Quercus rubra	Quercus	Fagaceae
Quercus suber	Quercus	Fagaceae
Radiola linoides	Radiola	Linaceae
Ranunculus arvensis	Ranunculus	Ranunculaceae
Ranunculus bulbosus	Ranunculus	Ranunculaceae
Ranunculus bullatus	Ranunculus	Ranunculaceae
Ranunculus bupleuroides	Ranunculus	Ranunculaceae
Ranunculus flammula	Ranunculus	Ranunculaceae
Ranunculus gramineus	Ranunculus	Ranunculaceae
Ranunculus hederaceus	Ranunculus	Ranunculaceae
Ranunculus macrophyllus	Ranunculus	Ranunculaceae
Ranunculus muricatus	Ranunculus	Ranunculaceae
Ranunculus ollissiponensis	Ranunculus	Ranunculaceae
Ranunculus ololeucos	Ranunculus	Ranunculaceae
Ranunculus omiophyllus	Ranunculus	Ranunculaceae
Ranunculus ophioglossifolius	Ranunculus	Ranunculaceae
Ranunculus paludosus	Ranunculus	Ranunculaceae
Ranunculus parviflorus	Ranunculus	Ranunculaceae
Ranunculus peltatus	Ranunculus	Ranunculaceae
Ranunculus repens	Ranunculus	Ranunculaceae
Ranunculus sceleratus	Ranunculus	Ranunculaceae
Ranunculus trichophyllus	Ranunculus	Ranunculaceae
Raphanus raphanistrum	Raphanus	Brassicaceae
Rapistrum rugosum	Rapistrum	Brassicaceae
Reichardia gaditana	Reichardia	Asteraceae
Reichardia intermedia	Reichardia	Asteraceae
Reichardia picroides	Reichardia	Asteraceae
Reseda alba	Reseda	Resedaceae
Reseda lutea	Reseda	Resedaceae
Reseda luteola	Reseda	Resedaceae
Reseda media	Reseda	Resedaceae
Reseda phyteuma	Reseda	Resedaceae
Retama monosperma	Retama	Fabaceae
Retama sphaerocarpa	Retama	Fabaceae
Reynoutria japonica	Reynoutria	Polygonaceae
Rhagadiolus edulis	Rhagadiolus	Asteraceae
Rhagadiolus stellatus	Rhagadiolus	Asteraceae
Rhamnus alaternus	Rhamnus	Rhamnaceae
Rhamnus lycioides	Rhamnus	Rhamnaceae
Rhinanthus minor	Rhinanthus	Orobanchaceae
Rhododendron ponticum	Rhododendron	Ericaceae
Rhus coriaria	Rhus	Anacardiaceae
Rhynchospora alba	Rhynchospora	Cyperaceae
Ricinus communis	Ricinus	Euphorbiaceae
Ridolfia segetum	Ridolfia	Apiaceae
Robinia pseudoacacia	Robinia	Fabaceae
Romulea bulbocodium	Romulea	Iridaceae
Romulea clusiana	Romulea	Iridaceae
Romulea columnae	Romulea	Iridaceae
Romulea ramiflora	Romulea	Iridaceae
Rorippa amphibia	Rorippa	Brassicaceae
Rorippa palustris	Rorippa	Brassicaceae
Rorippa pyrenaica	Rorippa	Brassicaceae
Rorippa sylvestris	Rorippa	Brassicaceae
Rosa agrestis	Rosa	Rosaceae
Rosa canina	Rosa	Rosaceae
Rosa corymbifera	Rosa	Rosaceae
Rosa micrantha	Rosa	Rosaceae
Rosa rubiginosa	Rosa	Rosaceae
Rosa sempervirens	Rosa	Rosaceae
Rosa tomentosa	Rosa	Rosaceae
Rostraria cristata	Rostraria	Poaceae
Rubia peregrina	Rubia	Rubiaceae
Rubus caesius	Rubus	Rosaceae
Rubus ulmifolius	Rubus	Rosaceae
Rubus vestitus	Rubus	Rosaceae
Rumex acetosa	Rumex	Polygonaceae
Rumex acetosella	Rumex	Polygonaceae
Rumex bucephalophorus	Rumex	Polygonaceae
Rumex conglomeratus	Rumex	Polygonaceae
Rumex crispus	Rumex	Polygonaceae
Rumex induratus	Rumex	Polygonaceae
Rumex longifolius	Rumex	Polygonaceae
Rumex obtusifolius	Rumex	Polygonaceae
Rumex palustris	Rumex	Polygonaceae
Rumex pulcher	Rumex	Polygonaceae
Ruppia cirrhosa	Ruppia	Ruppiaceae
Ruppia maritima	Ruppia	Ruppiaceae
Ruscus aculeatus	Ruscus	Asparagaceae
Ruta angustifolia	Ruta	Rutaceae
Ruta chalepensis	Ruta	Rutaceae
Ruta montana	Ruta	Rutaceae
Sagina apetala	Sagina	Caryophyllaceae
Sagina maritima	Sagina	Caryophyllaceae
Sagina nodosa	Sagina	Caryophyllaceae
Sagina procumbens	Sagina	Caryophyllaceae
Sagina saginoides	Sagina	Caryophyllaceae
Salicornia ramosissima	Salicornia	Amaranthaceae
Salix alba	Salix	Salicaceae
Salix atrocinerea	Salix	Salicaceae
Salix babylonica	Salix	Salicaceae
Salix caprea	Salix	Salicaceae
Salix fragilis	Salix	Salicaceae
Salix repens	Salix	Salicaceae
Salix salviifolia	Salix	Salicaceae
Salix triandra	Salix	Salicaceae
Salix viminalis	Salix	Salicaceae
Salpichroa origanifolia	Salpichroa	Solanaceae
Salsola soda	Salsola	Amaranthaceae
Salvia argentea	Salvia	Lamiaceae
Salvia sclarea	Salvia	Lamiaceae
Salvia sclareoides	Salvia	Lamiaceae
Salvia verbenaca	Salvia	Lamiaceae
Salvia viridis	Salvia	Lamiaceae
Sambucus ebulus	Sambucus	Adoxaceae
Sambucus nigra	Sambucus	Adoxaceae
Samolus valerandi	Samolus	Primulaceae
Sanguisorba minor	Sanguisorba	Rosaceae
Sanicula europaea	Sanicula	Apiaceae
Santolina rosmarinifolia	Santolina	Asteraceae
Saponaria officinalis	Saponaria	Caryophyllaceae
Saxifraga fragosoi	Saxifraga	Saxifragaceae
Saxifraga granulata	Saxifraga	Saxifragaceae
Saxifraga spathularis	Saxifraga	Saxifragaceae
Saxifraga tridactylites	Saxifraga	Saxifragaceae
Scabiosa columbaria	Scabiosa	Caprifoliaceae
Scandix pecten-veneris	Scandix	Apiaceae
Schoenoplectus lacustris	Schoenoplectus	Cyperaceae
Schoenoplectus litoralis	Schoenoplectus	Cyperaceae
Schoenoplectus pungens	Schoenoplectus	Cyperaceae
Schoenoplectus triqueter	Schoenoplectus	Cyperaceae
Schoenus nigricans	Schoenus	Cyperaceae
Scilla monophyllos	Scilla	Asparagaceae
Scilla peruviana	Scilla	Asparagaceae
Scilla verna	Scilla	Asparagaceae
Scirpoides holoschoenus	Scirpoides	Cyperaceae
Scleranthus annuus	Scleranthus	Caryophyllaceae
Scleranthus perennis	Scleranthus	Caryophyllaceae
Scleranthus polycarpos	Scleranthus	Caryophyllaceae
Scolymus hispanicus	Scolymus	Asteraceae
Scolymus maculatus	Scolymus	Asteraceae
Scorpiurus muricatus	Scorpiurus	Fabaceae
Scorpiurus vermiculatus	Scorpiurus	Fabaceae
Scorzonera angustifolia	Scorzonera	Asteraceae
Scorzonera humilis	Scorzonera	Asteraceae
Scorzonera laciniata	Scorzonera	Asteraceae
Scrophularia auriculata	Scrophularia	Scrophulariaceae
Scrophularia canina	Scrophularia	Scrophulariaceae
Scrophularia frutescens	Scrophularia	Scrophulariaceae
Scrophularia grandiflora	Scrophularia	Scrophulariaceae
Scrophularia peregrina	Scrophularia	Scrophulariaceae
Scrophularia sambucifolia	Scrophularia	Scrophulariaceae
Scrophularia scorodonia	Scrophularia	Scrophulariaceae
Scutellaria galericulata	Scutellaria	Lamiaceae
Scutellaria minor	Scutellaria	Lamiaceae
Sedum acre	Sedum	Crassulaceae
Sedum album	Sedum	Crassulaceae
Sedum andegavense	Sedum	Crassulaceae
Sedum anglicum	Sedum	Crassulaceae
Sedum arenarium	Sedum	Crassulaceae
Sedum brevifolium	Sedum	Crassulaceae
Sedum caespitosum	Sedum	Crassulaceae
Sedum hirsutum	Sedum	Crassulaceae
Sedum mucizonia	Sedum	Crassulaceae
Sedum pedicellatum	Sedum	Crassulaceae
Sedum rubens	Sedum	Crassulaceae
Selaginella denticulata	Selaginella	Selaginellaceae
Selaginella kraussiana	Selaginella	Selaginellaceae
Senecio angulatus	Senecio	Asteraceae
Senecio doria	Senecio	Asteraceae
Senecio doronicum	Senecio	Asteraceae
Senecio gallicus	Senecio	Asteraceae
Senecio inaequidens	Senecio	Asteraceae
Senecio jacobaea	Senecio	Asteraceae
Senecio leucanthemifolius	Senecio	Asteraceae
Senecio lividus	Senecio	Asteraceae
Senecio pyrenaicus	Senecio	Asteraceae
Senecio sylvaticus	Senecio	Asteraceae
Senecio vulgaris	Senecio	Asteraceae
Serapias cordigera	Serapias	Orchidaceae
Serapias lingua	Serapias	Orchidaceae
Serapias parviflora	Serapias	Orchidaceae
Serapias strictiflora	Serapias	Orchidaceae
Serratula tinctoria	Serratula	Asteraceae
Sesamoides purpurascens	Sesamoides	Resedaceae
Seseli tortuosum	Seseli	Apiaceae
Setaria faberi	Setaria	Poaceae
Setaria italica	Setaria	Poaceae
Setaria parviflora	Setaria	Poaceae
Setaria verticillata	Setaria	Poaceae
Setaria viridis	Setaria	Poaceae
Sherardia arvensis	Sherardia	Rubiaceae
Sideritis hirsuta	Sideritis	Lamiaceae
Sideritis romana	Sideritis	Lamiaceae
Silene acutifolia	Silene	Caryophyllaceae
Silene bellidifolia	Silene	Caryophyllaceae
Silene ciliata	Silene	Caryophyllaceae
Silene colorata	Silene	Caryophyllaceae
Silene conica	Silene	Caryophyllaceae
Silene dioica	Silene	Caryophyllaceae
Silene fuscata	Silene	Caryophyllaceae
Silene gallica	Silene	Caryophyllaceae
Silene latifolia	Silene	Caryophyllaceae
Silene littorea	Silene	Caryophyllaceae
Silene nocturna	Silene	Caryophyllaceae
Silene nutans	Silene	Caryophyllaceae
Silene scabriflora	Silene	Caryophyllaceae
Silene uniflora	Silene	Caryophyllaceae
Silene vulgaris	Silene	Caryophyllaceae
Silybum marianum	Silybum	Asteraceae
Sinapis alba	Sinapis	Brassicaceae
Sinapis arvensis	Sinapis	Brassicaceae
Sisymbrella aspera	Sisymbrella	Brassicaceae
Sisymbrium austriacum	Sisymbrium	Brassicaceae
Sisymbrium irio	Sisymbrium	Brassicaceae
Sisymbrium officinale	Sisymbrium	Brassicaceae
Sisymbrium orientale	Sisymbrium	Brassicaceae
Smilax aspera	Smilax	Smilacaceae
Smyrnium olusatrum	Smyrnium	Apiaceae
Smyrnium perfoliatum	Smyrnium	Apiaceae
Solanum chenopodioides	Solanum	Solanaceae
Solanum dulcamara	Solanum	Solanaceae
Solanum laciniatum	Solanum	Solanaceae
Solanum linnaeanum	Solanum	Solanaceae
Solanum nigrum	Solanum	Solanaceae
Solanum villosum	Solanum	Solanaceae
Solidago virgaurea	Solidago	Asteraceae
Soliva sessilis	Soliva	Asteraceae
Sonchus asper	Sonchus	Asteraceae
Sonchus oleraceus	Sonchus	Asteraceae
Sonchus tenerrimus	Sonchus	Asteraceae
Sorbus aucuparia	Sorbus	Rosaceae
Sparganium angustifolium	Sparganium	Typhaceae
Sparganium emersum	Sparganium	Typhaceae
Sparganium erectum	Sparganium	Typhaceae
Spartium junceum	Spartium	Fabaceae
Spergula arvensis	Spergula	Caryophyllaceae
Spergula morisonii	Spergula	Caryophyllaceae
Spergularia marina	Spergularia	Caryophyllaceae
Spergularia media	Spergularia	Caryophyllaceae
Spergularia purpurea	Spergularia	Caryophyllaceae
Spergularia rubra	Spergularia	Caryophyllaceae
Spergularia rupicola	Spergularia	Caryophyllaceae
Spiraea hypericifolia	Spiraea	Rosaceae
Spiranthes aestivalis	Spiranthes	Orchidaceae
Spiranthes spiralis	Spiranthes	Orchidaceae
Spirodela polyrhiza	Spirodela	Araceae
Stachys arvensis	Stachys	Lamiaceae
Stachys germanica	Stachys	Lamiaceae
Stachys ocymastrum	Stachys	Lamiaceae
Stachys palustris	Stachys	Lamiaceae
Stachys sylvatica	Stachys	Lamiaceae
Staehelina dubia	Staehelina	Asteraceae
Stauracanthus boivinii	Stauracanthus	Fabaceae
Stauracanthus genistoides	Stauracanthus	Fabaceae
Stellaria alsine	Stellaria	Caryophyllaceae
Stellaria graminea	Stellaria	Caryophyllaceae
Stellaria media	Stellaria	Caryophyllaceae
Stellaria neglecta	Stellaria	Caryophyllaceae
Stipa gigantea	Stipa	Poaceae
Stipa tenacissima	Stipa	Poaceae
Suaeda vera	Suaeda	Amaranthaceae
Succisa pratensis	Succisa	Caprifoliaceae
Taeniatherum caput-medusae	Taeniatherum	Poaceae
Tamarix africana	Tamarix	Tamaricaceae
Tamarix gallica	Tamarix	Tamaricaceae
Tanacetum corymbosum	Tanacetum	Asteraceae
Tanacetum parthenium	Tanacetum	Asteraceae
Tanacetum vulgare	Tanacetum	Asteraceae
Taraxacum obovatum	Taraxacum	Asteraceae
Taxus baccata	Taxus	Taxaceae
Teesdalia coronopifolia	Teesdalia	Brassicaceae
Teesdalia nudicaulis	Teesdalia	Brassicaceae
Tetragonia tetragonoides	Tetragonia	Aizoaceae
Teucrium capitatum	Teucrium	Lamiaceae
Teucrium chamaedrys	Teucrium	Lamiaceae
Teucrium fruticans	Teucrium	Lamiaceae
Teucrium pseudochamaepitys	Teucrium	Lamiaceae
Teucrium scordium	Teucrium	Lamiaceae
Teucrium scorodonia	Teucrium	Lamiaceae
Thalictrum minus	Thalictrum	Ranunculaceae
Thalictrum speciosissimum	Thalictrum	Ranunculaceae
Thapsia minor	Thapsia	Apiaceae
Thapsia villosa	Thapsia	Apiaceae
Theligonum cynocrambe	Theligonum	Rubiaceae
Thelypteris palustris	Thelypteris	Thelypteridaceae
Thesium humifusum	Thesium	Thesiaceae
Thesium pyrenaicum	Thesium	Thesiaceae
Thlaspi arvense	Thlaspi	Brassicaceae
Thymbra capitata	Thymbra	Lamiaceae
Thymelaea coridifolia	Thymelaea	Thymelaeaceae
Thymelaea passerina	Thymelaea	Thymelaeaceae
Thymus caespititius	Thymus	Lamiaceae
Thymus camphoratus	Thymus	Lamiaceae
Thymus capitellatus	Thymus	Lamiaceae
Thymus carnosus	Thymus	Lamiaceae
Thymus mastichina	Thymus	Lamiaceae
Thymus pulegioides	Thymus	Lamiaceae
Thymus zygis	Thymus	Lamiaceae
Tolpis barbata	Tolpis	Asteraceae
Tolpis umbellata	Tolpis	Asteraceae
Tordylium apulum	Tordylium	Apiaceae
Tordylium maximum	Tordylium	Apiaceae
Torilis arvensis	Torilis	Apiaceae
Torilis japonica	Torilis	Apiaceae
Torilis nodosa	Torilis	Apiaceae
Trachelium caeruleum	Trachelium	Campanulaceae
Tradescantia fluminensis	Tradescantia	Commelinaceae
Tragopogon crocifolius	Tragopogon	Asteraceae
Tragopogon dubius	Tragopogon	Asteraceae
Tragopogon hybridus	Tragopogon	Asteraceae
Tragopogon porrifolius	Tragopogon	Asteraceae
Tribulus terrestris	Tribulus	Zygophyllaceae
Trichophorum cespitosum	Trichophorum	Cyperaceae
Trifolium alexandrinum	Trifolium	Fabaceae
Trifolium angustifolium	Trifolium	Fabaceae
Trifolium arvense	Trifolium	Fabaceae
Trifolium campestre	Trifolium	Fabaceae
Trifolium cherleri	Trifolium	Fabaceae
Trifolium dubium	Trifolium	Fabaceae
Trifolium fragiferum	Trifolium	Fabaceae
Trifolium glomeratum	Trifolium	Fabaceae
Trifolium hirtum	Trifolium	Fabaceae
Trifolium incarnatum	Trifolium	Fabaceae
Trifolium lappaceum	Trifolium	Fabaceae
Trifolium medium	Trifolium	Fabaceae
Trifolium micranthum	Trifolium	Fabaceae
Trifolium nigrescens	Trifolium	Fabaceae
Trifolium ochroleucon	Trifolium	Fabaceae
Trifolium ornithopodioides	Trifolium	Fabaceae
Trifolium pratense	Trifolium	Fabaceae
Trifolium repens	Trifolium	Fabaceae
Trifolium resupinatum	Trifolium	Fabaceae
Trifolium scabrum	Trifolium	Fabaceae
Trifolium stellatum	Trifolium	Fabaceae
Trifolium striatum	Trifolium	Fabaceae
Trifolium subterraneum	Trifolium	Fabaceae
Trifolium suffocatum	Trifolium	Fabaceae
Trifolium tomentosum	Trifolium	Fabaceae
Trifolium vesiculosum	Trifolium	Fabaceae
Tripodion tetraphyllum	Tripodion	Fabaceae
Tropaeolum majus	Tropaeolum	Tropaeolaceae
Tuberaria globulariifolia	Tuberaria	Cistaceae
Tuberaria guttata	Tuberaria	Cistaceae
Tuberaria lignosa	Tuberaria	Cistaceae
Tulipa sylvestris	Tulipa	Liliaceae
Turgenia latifolia	Turgenia	Apiaceae
Typha angustifolia	Typha	Typhaceae
Typha domingensis	Typha	Typhaceae
Typha latifolia	Typha	Typhaceae
Ulex densus	Ulex	Fabaceae
Ulex europaeus	Ulex	Fabaceae
Ulex minor	Ulex	Fabaceae
Ulmus glabra	Ulmus	Ulmaceae
Ulmus minor	Ulmus	Ulmaceae
Umbilicus rupestris	Umbilicus	Crassulaceae
Urospermum picroides	Urospermum	Asteraceae
Urtica dioica	Urtica	Urticaceae
Urtica membranacea	Urtica	Urticaceae
Urtica pilulifera	Urtica	Urticaceae
Urtica urens	Urtica	Urticaceae
Utricularia australis	Utricularia	Lentibulariaceae
Vaccinium myrtillus	Vaccinium	Ericaceae
Vaccinium uliginosum	Vaccinium	Ericaceae
Valantia hispida	Valantia	Rubiaceae
Valantia muralis	Valantia	Rubiaceae
Valeriana dioica	Valeriana	Caprifoliaceae
Valeriana montana	Valeriana	Caprifoliaceae
Valeriana officinalis	Valeriana	Caprifoliaceae
Valeriana tuberosa	Valeriana	Caprifoliaceae
Valerianella coronata	Valerianella	Caprifoliaceae
Valerianella dentata	Valerianella	Caprifoliaceae
Valerianella discoidea	Valerianella	Caprifoliaceae
Valerianella echinata	Valerianella	Caprifoliaceae
Valerianella locusta	Valerianella	Caprifoliaceae
Vallisneria spiralis	Vallisneria	Hydrocharitaceae
Velezia rigida	Velezia	Caryophyllaceae
Veratrum album	Veratrum	Melanthiaceae
Verbascum giganteum	Verbascum	Scrophulariaceae
Verbascum pulverulentum	Verbascum	Scrophulariaceae
Verbascum sinuatum	Verbascum	Scrophulariaceae
Verbascum thapsus	Verbascum	Scrophulariaceae
Verbascum virgatum	Verbascum	Scrophulariaceae
Verbena bonariensis	Verbena	Verbenaceae
Verbena officinalis	Verbena	Verbenaceae
Verbena rigida	Verbena	Verbenaceae
Veronica acinifolia	Veronica	Plantaginaceae
Veronica agrestis	Veronica	Plantaginaceae
Veronica anagallis-aquatica	Veronica	Plantaginaceae
Veronica anagalloides	Veronica	Plantaginaceae
Veronica arvensis	Veronica	Plantaginaceae
Veronica beccabunga	Veronica	Plantaginaceae
Veronica chamaedrys	Veronica	Plantaginaceae
Veronica cymbalaria	Veronica	Plantaginaceae
Veronica hederifolia	Veronica	Plantaginaceae
Veronica montana	Veronica	Plantaginaceae
Veronica nevadensis	Veronica	Plantaginaceae
Veronica officinalis	Veronica	Plantaginaceae
Veronica peregrina	Veronica	Plantaginaceae
Veronica persica	Veronica	Plantaginaceae
Veronica polita	Veronica	Plantaginaceae
Veronica scutellata	Veronica	Plantaginaceae
Veronica serpyllifolia	Veronica	Plantaginaceae
Veronica triphyllos	Veronica	Plantaginaceae
Veronica verna	Veronica	Plantaginaceae
Viburnum lantana	Viburnum	Adoxaceae
Viburnum opulus	Viburnum	Adoxaceae
Viburnum tinus	Viburnum	Adoxaceae
Vicia benghalensis	Vicia	Fabaceae
Vicia bithynica	Vicia	Fabaceae
Vicia disperma	Vicia	Fabaceae
Vicia hirsuta	Vicia	Fabaceae
Vicia lathyroides	Vicia	Fabaceae
Vicia lutea	Vicia	Fabaceae
Vicia narbonensis	Vicia	Fabaceae
Vicia onobrychioides	Vicia	Fabaceae
Vicia parviflora	Vicia	Fabaceae
Vicia peregrina	Vicia	Fabaceae
Vicia pubescens	Vicia	Fabaceae
Vicia sativa	Vicia	Fabaceae
Vicia sepium	Vicia	Fabaceae
Vicia tenuifolia	Vicia	Fabaceae
Vicia villosa	Vicia	Fabaceae
Vinca difformis	Vinca	Apocynaceae
Vinca major	Vinca	Apocynaceae
Vinca minor	Vinca	Apocynaceae
Vincetoxicum hirundinaria	Vincetoxicum	Apocynaceae
Vincetoxicum nigrum	Vincetoxicum	Apocynaceae
Viola arborescens	Viola	Violaceae
Viola arvensis	Viola	Violaceae
Viola bubanii	Viola	Violaceae
Viola canina	Viola	Violaceae
Viola hirta	Viola	Violaceae
Viola kitaibeliana	Viola	Violaceae
Viola lactea	Viola	Violaceae
Viola odorata	Viola	Violaceae
Viola palustris	Viola	Violaceae
Viola riviniana	Viola	Violaceae
Viola suavis	Viola	Violaceae
Vitis vinifera	Vitis	Vitaceae
Vulpia bromoides	Vulpia	Poaceae
Vulpia ciliata	Vulpia	Poaceae
Vulpia membranacea	Vulpia	Poaceae
Vulpia myuros	Vulpia	Poaceae
Withania frutescens	Withania	Solanaceae
Wolffia arrhiza	Wolffia	Araceae
Woodwardia radicans	Woodwardia	Blechnaceae
Xanthium spinosum	Xanthium	Asteraceae
Xanthium strumarium	Xanthium	Asteraceae
Xeranthemum cylindraceum	Xeranthemum	Asteraceae
Xeranthemum inapertum	Xeranthemum	Asteraceae
Zannichellia palustris	Zannichellia	Potamogetonaceae
Zantedeschia aethiopica	Zantedeschia	Araceae
Zostera marina	Zostera	Zosteraceae
Zostera noltii	Zostera	Zosteraceae
